city,r2
neworleans,0.7880986814770712
chicago,0.6835510594477411
losangeles,0.4780225671563355
austin,0.41633289174603727
newyork,0.3927486038386534
nashville,0.2894823891058588
