city,r2,rmse,mae,mape_pct,val_r2,n_rows,n_features
newyork,0.6919305901500099,101.29432362761025,55.536002571442545,26.6833096733373,0.6907548926537888,20398,45
chicago,0.6286093194609854,89.41862603633744,50.71118238566336,26.867947118849017,0.583222015506198,7562,45
nashville,0.5781518342190767,95.62002957177064,54.50512185412673,25.869445378230182,0.5456005137691536,6487,45
austin,0.5462709860898746,116.03004983127693,62.51168174913446,31.0536945958821,0.5497212178451871,10108,45
neworleans,0.455435371243046,112.2615117372473,61.48446370198298,32.86087368520797,0.5023806888656366,6035,45
